{
    "name": "Restaurant Pinguin",
    "short_name": "RP",
    "description": "Eats Freak Everyday",
    "start_url": "/index.html",
    "display": "standalone",
    "background_color": "#ffffff",
    "theme_color": "#ff8303",
    "icons": [
      {
        "src": "/icons/16x16.png",
        "sizes": "16x16",
        "type": "image/png",
        "purpose": "any"
      },
      {
        "src": "/icons/32x32.png",
        "sizes": "32x32",
        "type": "image/png",
        "purpose": "any"
      },
      {
        "src": "/icons/72x72.png",
        "sizes": "72x72",
        "type": "image/png",
        "purpose": "any"
      },
      {
        "src": "/icons/96x96.png",
        "sizes": "96x96",
        "type": "image/png",
        "purpose": "any"
      },
      {
        "src": "/icons/128x128.png",
        "sizes": "128x128",
        "type": "image/png",
        "purpose": "any"
      },
      {
        "src": "/icons/144x144.png",
        "sizes": "144x144",
        "type": "image/png",
        "purpose": "any"
      },
      {
        "src": "/icons/152x152.png",
        "sizes": "152x152",
        "type": "image/png",
        "purpose": "any"
      },
      {
        "src": "/icons/192x192.png",
        "sizes": "192x192",
        "type": "image/png",
        "purpose": "any"
      },
      {
        "src": "/icons/512x512.png",
        "sizes": "512x512",
        "type": "image/png",
        "purpose": "any"
      },
      {
        "src": "/icons/apple-touch-icon.png",
        "sizes": "180x180",
        "type": "image/png",
        "purpose": "any"
      }
    ]
  }
  